{"cameraMode":{"drawMode":0,"name":"Shaded","section":"Shading Mode"},"sceneLighting":false,"audioPlay":false,"sceneViewState":{"m_AlwaysRefresh":false,"showFog":true,"showSkybox":false,"showFlares":true,"showImageEffects":true,"showParticleSystems":true,"showVisualEffectGraphs":true,"m_FxEnabled":true},"in2DMode":false,"pivot":{"x":-1.3874638080596924,"y":-3.512273073196411,"z":-8.680999755859375},"rotation":{"x":0.07732824236154556,"y":-0.0036298816557973625,"z":0.0003620868956204504,"w":0.9970417022705078},"size":0.32404643297195437,"orthographic":false}