{"cameraMode":{"drawMode":0,"name":"Shaded","section":"Shading Mode"},"sceneLighting":true,"audioPlay":false,"sceneViewState":{"m_AlwaysRefresh":false,"showFog":true,"showSkybox":true,"showFlares":true,"showImageEffects":true,"showParticleSystems":true,"showVisualEffectGraphs":true,"m_FxEnabled":true},"in2DMode":false,"pivot":{"x":-0.5603480935096741,"y":-3.7516989707946779,"z":-7.949248790740967},"rotation":{"x":0.22169582545757295,"y":-0.32924792170524599,"z":0.07996227592229843,"w":0.9144039154052734},"size":0.8660253882408142,"orthographic":false}